{"training_losses": [6.768414647955644, 6.262046751223113, 5.797870221890901, 5.460430810326024, 5.0692354377947355], "test_losses": [7.015115976333618, 6.541192579269409, 6.05403242111206, 5.726259851455689, 5.336336445808411], "log_transform": true}