{"training_losses": [3.2984621838519446, 2.9832047098561336, 2.739085373125578, 2.5343357701050606, 2.3909875938766882], "test_losses": [2.539704775810242, 2.2926230430603027, 2.0735418081283568, 1.9456710934638977, 1.8083928942680358], "log_transform": true}