{"training_losses": [3.280922908531992, 2.936223023816159, 2.6852866787659493, 2.4733963577370894, 2.312921514636592], "test_losses": [2.58669650554657, 2.3275933504104613, 2.1551760911941527, 1.9862696647644043, 1.877692198753357], "log_transform": true}