{"training_losses": [5.321977038132517, 4.779561783138075, 4.476054467652974, 4.167108341267235, 3.851353557486283], "test_losses": [5.019176769256592, 4.594786024093628, 4.179975080490112, 3.791542720794678, 3.5685482740402223], "log_transform": true}