{"training_losses": [52.45996957076223, 48.47182590083072, 44.358170559531764, 38.51344931753058, 36.49750443508751], "test_losses": [49.26235580444336, 46.60313758850098, 42.86271591186524, 39.62505397796631, 38.68337268829346], "log_transform": true}