{"training_losses": [2.204440901153966, 1.9971494894278676, 1.793133745067998, 1.6783153163759332, 1.5787627853845294], "test_losses": [1.7748079299926758, 1.6477102279663085, 1.5165202617645264, 1.404357409477234, 1.315294623374939], "log_transform": true}