{"training_losses": [302.09308142411084, 301.1136446501079, 301.2685326024106, 301.23932768169203, 301.6348288686652], "test_losses": [257.66080780029296, 256.8020645141602, 256.1347457885742, 255.4544761657715, 254.33478393554688], "log_transform": true}