{"training_losses": [2.525248298519536, 2.32303302852731, 2.1269367494081197, 1.9960876013103284, 1.8636709075225026], "test_losses": [2.028660070896149, 1.8428869366645813, 1.6978836536407471, 1.5983712673187256, 1.4796873927116394], "log_transform": true}