{"training_losses": [289.81754644293534, 243.94543497185958, 204.25079385857833, 156.38881733542993, 135.5656643917686], "test_losses": [178.5783447265625, 147.98577270507812, 121.4525104522705, 94.7940544128418, 82.8822639465332], "log_transform": true}