{"training_losses": [75673.93976151316, 75739.83634868421, 75894.54672080593, 75140.6322214227, 76159.7294921875], "test_losses": [84663.959765625, 84581.6375, 84522.301953125, 84428.3484375, 84295.1203125], "log_transform": true}