{"training_losses": [13.837952538540488, 12.853462219238281, 12.189791026868319, 11.562812177758468, 10.486811826103612], "test_losses": [12.922861671447754, 12.262933254241943, 11.59328670501709, 10.899193286895752, 10.140116357803345], "log_transform": true}