{"training_losses": [4.062056070879886, 3.8097419487802604, 3.5628893626363656, 3.3515535091098987, 3.1090271284705713], "test_losses": [3.528833436965942, 3.3513843536376955, 3.140912580490112, 2.9418352127075194, 2.7641072869300842], "log_transform": true}