{"training_losses": [1.046923352870819, 0.943527788531315, 0.9307416760615992, 0.922569273956376, 0.9161093242132323], "test_losses": [0.9478292070389904, 0.9411444845799101, 0.9370136836216253, 0.9342172725236735, 0.9330111593528454], "log_transform": true}