{"training_losses": [1.777746012305269, 1.3433615100300444, 1.1686597781849242, 1.093034157780068, 1.0460116567310374], "test_losses": [1.3160697604086125, 1.0414832777693885, 0.9749941865418094, 0.9599175346327883, 0.9532516609109739], "log_transform": true, "test_losses_original": [19.24841958124785, 18.78762623372816, 18.657766005212963, 18.61544109750821, 18.591607160979017]}