{"training_losses": [3.055160262352657, 1.7911728871558046, 1.6321842364935344, 1.5836312199849505, 1.5616523818757875, 1.5505984566527797, 1.5445839832632766, 1.537886150347329, 1.5301334067191323, 1.5195878798769964], "test_losses": [1.5852124398026148, 1.5380905179187168, 1.5289715650116578, 1.5234318306373502, 1.52160565170387, 1.52082497593784, 1.519831463744971, 1.516501695690456, 1.5086363741483333, 1.5026481802729637], "log_transform": true}