{"training_losses": [2.0099331170372583, 1.5537901801915799, 1.3666543677822407, 1.2832678859499074, 1.228417315313687], "test_losses": [1.3761401056410687, 1.1658075916753243, 1.1362699086369126, 1.12218677435543, 1.112550020148507], "log_transform": true, "test_losses_original": [19.135785565248607, 18.85001885266465, 18.82967888323614, 18.768846381113054, 18.714131210402645]}