{"training_losses": [0.8527155733674365, 0.7971734664401275, 0.7941930719635552, 0.7933430817665995, 0.7932760957964784, 0.7932873421115937, 0.7935964644441232, 0.7950199880986, 0.7998831728446185, 0.7998879881847994], "test_losses": [0.8005231611942385, 0.800944911309532, 0.7965021740571445, 0.7979050212050761, 0.7963815726279102, 0.796849592253826, 0.7944781075950551, 0.8055326664544928, 0.8055298400563605, 0.8055632354494301], "log_transform": true, "test_losses_original": [18.940829213756345, 18.94252107862266, 18.927341641036403, 18.932601706668024, 18.92574222096187, 18.928050428663617, 18.920657921170466, 18.957975016761576, 18.957966530281396, 18.958066930870793]}